P-JCP-Motor-caps-source-0.jsonl.gz	U-MotorJointSimulationTest.simple-25.jsonl.gz
P-JCP-Distance-cap-source-0.jsonl.gz	U-DistanceJointSimulationTest.springWithMaxForce-0.jsonl.gz
P-JCP-Weld-cap-source-0.jsonl.gz	U-WeldJointSimulationTest.softConstraint-21.jsonl.gz
P-JCP-Weld-lower-source-0.jsonl.gz	U-WeldJointSimulationTest.softConstraintWithLimitsLower-0.jsonl.gz
P-JCP-Weld-upper-source-0.jsonl.gz	U-WeldJointSimulationTest.softConstraintWithLimitsUpper-0.jsonl.gz
P-JCP-Wheel-cap-source-0.jsonl.gz	U-WheelJointSimulationTest.springDamperWithLimits-24.jsonl.gz
P-JCP-Pulley-taut-source-0.jsonl.gz	U-PulleyJointSimulationTest.withAndWithoutSlack-1.jsonl.gz
P-JCP-Pulley-slack-source-0.jsonl.gz	U-PulleyJointSimulationTest.withAndWithoutSlack-3.jsonl.gz
P-JCP-Prismatic-lower-source-0.jsonl.gz	U-PrismaticJointSimulationTest.limits-1.jsonl.gz
P-JCP-Prismatic-upper-source-0.jsonl.gz	U-PrismaticJointSimulationTest.limits-2.jsonl.gz
P-JCP-Revolute-lower-source-0.jsonl.gz	U-RevoluteJointSimulationTest.limits-1.jsonl.gz
P-JCP-Revolute-upper-source-0.jsonl.gz	U-RevoluteJointSimulationTest.limits-2.jsonl.gz
P-JCP-Wheel-lower-source-0.jsonl.gz	U-WheelJointSimulationTest.springDamperWithLimits-20.jsonl.gz
P-JCP-Wheel-upper-source-0.jsonl.gz	U-WheelJointSimulationTest.springDamperWithLimits-22.jsonl.gz
